-- phpMyAdmin SQL Dump
-- version 4.7.0
-- https://www.phpmyadmin.net/
--
-- Host: 127.0.0.1
-- Generation Time: Feb 06, 2020 at 04:29 PM
-- Server version: 10.1.25-MariaDB
-- PHP Version: 5.6.31

SET SQL_MODE = "NO_AUTO_VALUE_ON_ZERO";
SET AUTOCOMMIT = 0;
START TRANSACTION;
SET time_zone = "+00:00";


/*!40101 SET @OLD_CHARACTER_SET_CLIENT=@@CHARACTER_SET_CLIENT */;
/*!40101 SET @OLD_CHARACTER_SET_RESULTS=@@CHARACTER_SET_RESULTS */;
/*!40101 SET @OLD_COLLATION_CONNECTION=@@COLLATION_CONNECTION */;
/*!40101 SET NAMES utf8mb4 */;

--
-- Database: `cabletv`
--

-- --------------------------------------------------------

--
-- Table structure for table `direct_internet`
--

CREATE TABLE `direct_internet` (
  `zip` mediumint(11) NOT NULL
) ENGINE=InnoDB DEFAULT CHARSET=latin1;

--
-- Dumping data for table `direct_internet`
--

INSERT INTO `direct_internet` (`zip`) VALUES
(11111),
(501);

-- --------------------------------------------------------

--
-- Table structure for table `direct_phone`
--

CREATE TABLE `direct_phone` (
  `zip` mediumint(9) NOT NULL
) ENGINE=InnoDB DEFAULT CHARSET=latin1;

--
-- Dumping data for table `direct_phone`
--

INSERT INTO `direct_phone` (`zip`) VALUES
(11111),
(91291);

-- --------------------------------------------------------

--
-- Table structure for table `direct_tv`
--

CREATE TABLE `direct_tv` (
  `zip` mediumint(9) NOT NULL
) ENGINE=InnoDB DEFAULT CHARSET=latin1;

--
-- Dumping data for table `direct_tv`
--

INSERT INTO `direct_tv` (`zip`) VALUES
(11111);

-- --------------------------------------------------------

--
-- Table structure for table `frontier_internet`
--

CREATE TABLE `frontier_internet` (
  `zip` mediumint(9) NOT NULL
) ENGINE=InnoDB DEFAULT CHARSET=latin1;

--
-- Dumping data for table `frontier_internet`
--

INSERT INTO `frontier_internet` (`zip`) VALUES
(33509),
(33523),
(33530),
(33539),
(33564),
(33568),
(33571),
(33575),
(33576),
(33583),
(33586),
(33587),
(33595),
(33597),
(33601),
(33608),
(33621),
(33622),
(33623),
(33630),
(33631),
(33633),
(33646),
(33650),
(33655),
(33660),
(33661),
(33662),
(33663),
(33664),
(33672),
(33673),
(33674),
(33675),
(33677),
(33679),
(33680),
(33681),
(33682),
(33684),
(33685),
(33686),
(33687),
(33688),
(33689),
(33694),
(33729),
(33730),
(33731),
(33732),
(33733),
(33734),
(33736),
(33737),
(33738),
(33740),
(33741),
(33742),
(33743),
(33744),
(33747),
(33757),
(33758),
(33766),
(33769),
(33775),
(33779),
(33780),
(33784),
(33802),
(33804),
(33805),
(33806),
(33807),
(33815),
(33820),
(33825),
(33827),
(33831),
(33834),
(33835),
(33836),
(33838),
(33840),
(33841),
(33843),
(33845),
(33847),
(33849),
(33850),
(33851),
(33853),
(33854),
(33855),
(33856),
(33858),
(33863),
(33865),
(33867),
(33868),
(33877),
(33882),
(33883),
(33885),
(33888),
(33898),
(33947),
(33981),
(34204),
(34206),
(34216),
(34218),
(34220),
(34250),
(34251),
(34264),
(34266),
(34269),
(34270),
(34272),
(34274),
(34276),
(34277),
(34278),
(34280),
(34282),
(34284),
(34290),
(34295),
(34604),
(34606),
(34607),
(34608),
(34609),
(34656),
(34673),
(34674),
(34679),
(34680),
(34682),
(34692),
(34697),
(34714),
(34736),
(34739),
(34747),
(34758),
(34787),
(34972),
(75001),
(75009),
(75011),
(75015),
(75016),
(75017),
(75020),
(75021),
(75026),
(75027),
(75029),
(75030),
(75045),
(75046),
(75047),
(75049),
(75058),
(75065),
(75081),
(75086),
(75090),
(75091),
(75092),
(75099),
(75101),
(75102),
(75103),
(75105),
(75109),
(75110),
(75117),
(75119),
(75121),
(75124),
(75125),
(75127),
(75135),
(75141),
(75142),
(75143),
(75144),
(75146),
(75147),
(75152),
(75153),
(75154),
(75155),
(75158),
(75159),
(75160),
(75161),
(75164),
(75165),
(75166),
(75167),
(75169),
(75172),
(75173),
(75189),
(75212),
(75218),
(75228),
(75238),
(75243),
(75247),
(75253),
(75401),
(75402),
(75409),
(75410),
(75413),
(75414),
(75418),
(75420),
(75422),
(75423),
(75424),
(75428),
(75431),
(75432),
(75433),
(75437),
(75438),
(75439),
(75440),
(75442),
(75443),
(75446),
(75447),
(75449),
(75450),
(75452),
(75453),
(75455),
(75457),
(75458),
(75459),
(75471),
(75472),
(75474),
(75475),
(75476),
(75478),
(75479),
(75480),
(75481),
(75482),
(75483),
(75487),
(75488),
(75489),
(75490),
(75491),
(75492),
(75493),
(75494),
(75495),
(75496),
(75497),
(75602),
(75603),
(75604),
(75605),
(75640),
(75644),
(75645),
(75647),
(75650),
(75651),
(75652),
(75653),
(75654),
(75658),
(75662),
(75663),
(75667),
(75670),
(75684),
(75689),
(75693),
(75703),
(75705),
(75706),
(75707),
(75750),
(75754),
(75755),
(75757),
(75760),
(75762),
(75764),
(75765),
(75766),
(75771),
(75773),
(75780),
(75783),
(75784),
(75785),
(75789),
(75790),
(75791),
(75792),
(75797),
(75803),
(75925),
(75943),
(76009),
(76020),
(76023),
(76050),
(76052),
(76064),
(76065),
(76073),
(76078),
(76082),
(76084),
(76085),
(76098),
(76099),
(76137),
(76155),
(76202),
(76204),
(76206),
(76227),
(76233),
(76234),
(76240),
(76245),
(76249),
(76258),
(76259),
(76264),
(76266),
(76268),
(76271),
(76272),
(76273),
(76432),
(76442),
(76446),
(76455),
(76487),
(76511),
(76527),
(76530),
(76537),
(76539),
(76549),
(76550),
(76556),
(76567),
(76574),
(76577),
(76578),
(76626),
(76651),
(76801),
(76802),
(76803),
(76804),
(76820),
(76821),
(76823),
(76825),
(76827),
(76831),
(76832),
(76834),
(76837),
(76841),
(76842),
(76844),
(76848),
(76849),
(76852),
(76854),
(76855),
(76856),
(76857),
(76858),
(76859),
(76861),
(76862),
(76864),
(76865),
(76866),
(76869),
(76872),
(76874),
(76875),
(76877),
(76878),
(76882),
(76883),
(76884),
(76885),
(76886),
(76887),
(76888),
(76890),
(76901),
(76902),
(76903),
(76904),
(76905),
(76906),
(76908),
(76909),
(76930),
(76932),
(76933),
(76934),
(76935),
(76936),
(76937),
(76939),
(76940),
(76941),
(76943),
(76945),
(76949),
(76950),
(76951),
(76953),
(76955),
(76957),
(76958),
(77044),
(77049),
(77058),
(77071),
(77085),
(77258),
(77303),
(77304),
(77318),
(77327),
(77328),
(77331),
(77336),
(77340),
(77345),
(77351),
(77358),
(77368),
(77369),
(77371),
(77374),
(77376),
(77378),
(77406),
(77414),
(77417),
(77419),
(77420),
(77428),
(77430),
(77434),
(77435),
(77437),
(77440),
(77441),
(77444),
(77455),
(77458),
(77459),
(77461),
(77464),
(77465),
(77468),
(77469),
(77471),
(77474),
(77477),
(77478),
(77479),
(77482),
(77485),
(77486),
(77488),
(77489),
(77510),
(77511),
(77515),
(77517),
(77519),
(77522),
(77530),
(77532),
(77533),
(77538),
(77545),
(77561),
(77564),
(77571),
(77574),
(77575),
(77577),
(77578),
(77580),
(77582),
(77583),
(77584),
(77586),
(77625),
(77659),
(77801),
(77802),
(77803),
(77805),
(77806),
(77807),
(77808),
(77833),
(77835),
(77836),
(77838),
(77840),
(77841),
(77842),
(77843),
(77844),
(77845),
(77852),
(77853),
(77856),
(77857),
(77859),
(77861),
(77862),
(77863),
(77868),
(77871),
(77872),
(77878),
(77879),
(77881),
(77905),
(77950),
(77951),
(77957),
(77961),
(77968),
(77969),
(77971),
(77977),
(77978),
(77979),
(77982),
(77983),
(77990),
(77991),
(78002),
(78005),
(78006),
(78007),
(78011),
(78013),
(78015),
(78017),
(78022),
(78026),
(78027),
(78028),
(78052),
(78058),
(78060),
(78061),
(78064),
(78065),
(78069),
(78070),
(78071),
(78072),
(78073),
(78075),
(78101),
(78102),
(78111),
(78112),
(78113),
(78114),
(78116),
(78117),
(78118),
(78121),
(78132),
(78140),
(78143),
(78147),
(78151),
(78155),
(78159),
(78160),
(78161),
(78164),
(78223),
(78264),
(78330),
(78332),
(78335),
(78336),
(78338),
(78339),
(78343),
(78347),
(78349),
(78351),
(78352),
(78353),
(78355),
(78359),
(78362),
(78363),
(78368),
(78370),
(78372),
(78373),
(78374),
(78375),
(78377),
(78379),
(78380),
(78382),
(78383),
(78387),
(78390),
(78393),
(78402),
(78406),
(78410),
(78415),
(78537),
(78538),
(78547),
(78548),
(78550),
(78552),
(78559),
(78569),
(78570),
(78580),
(78582),
(78584),
(78586),
(78590),
(78593),
(78594),
(78596),
(78599),
(78602),
(78605),
(78606),
(78607),
(78608),
(78609),
(78610),
(78611),
(78612),
(78614),
(78615),
(78616),
(78618),
(78619),
(78620),
(78621),
(78622),
(78623),
(78624),
(78626),
(78627),
(78628),
(78629),
(78631),
(78632),
(78633),
(78634),
(78635),
(78636),
(78638),
(78639),
(78640),
(78641),
(78642),
(78643),
(78644),
(78648),
(78650),
(78652),
(78654),
(78655),
(78656),
(78657),
(78658),
(78659),
(78661),
(78662),
(78663),
(78664),
(78665),
(78666),
(78669),
(78670),
(78671),
(78672),
(78673),
(78674),
(78675),
(78676),
(78677),
(78737),
(78832),
(78837),
(78840),
(78841),
(78842),
(78843),
(78847),
(78851),
(78871),
(78877),
(78880),
(78932),
(78934),
(78938),
(78940),
(78942),
(78945),
(78946),
(78947),
(78948),
(78956),
(78957),
(78962),
(79512),
(79519),
(79535),
(79538),
(79567),
(79720),
(79739),
(79755),
(89010),
(89415),
(89420),
(89447),
(90024),
(90040),
(90045),
(90073),
(90077),
(90094),
(90095),
(90201),
(90202),
(90210),
(90232),
(90239),
(90240),
(90242),
(90245),
(90250),
(90263),
(90264),
(90267),
(90272),
(90280),
(90292),
(90293),
(90294),
(90295),
(90296),
(90406),
(90407),
(90408),
(90409),
(90410),
(90411),
(90607),
(90608),
(90609),
(90610),
(90620),
(90633),
(90639),
(90651),
(90652),
(90661),
(90662),
(90671),
(90702),
(90707),
(90714),
(90721),
(90723),
(90731),
(90801),
(90822),
(90831),
(90832),
(90833),
(90834),
(90835),
(90840),
(90842),
(90844),
(90847),
(90848),
(90853),
(90899),
(91001),
(91006),
(91008),
(91009),
(91010),
(91011),
(91016),
(91017),
(91023),
(91024),
(91025),
(91040),
(91041),
(91042),
(91043),
(91107),
(91185),
(91214),
(91302),
(91311),
(91319),
(91321),
(91324),
(91327),
(91333),
(91334),
(91341),
(91346),
(91356),
(91358),
(91359),
(91381),
(91384),
(91390),
(91392),
(91393),
(91394),
(91395),
(91403),
(91406),
(91412),
(91423),
(91436),
(91482),
(91496),
(91501),
(91504),
(91701),
(91714),
(91715),
(91716),
(91729),
(91732),
(91733),
(91743),
(91747),
(91749),
(91752),
(91758),
(91759),
(91769),
(91770),
(91785),
(91788),
(91793),
(92004),
(92028),
(92055),
(92059),
(92066),
(92086),
(92202),
(92235),
(92239),
(92241),
(92247),
(92248),
(92252),
(92254),
(92255),
(92257),
(92258),
(92261),
(92263),
(92268),
(92270),
(92274),
(92275),
(92276),
(92277),
(92278),
(92282),
(92285),
(92286),
(92305),
(92311),
(92312),
(92314),
(92315),
(92317),
(92318),
(92321),
(92322),
(92324),
(92325),
(92327),
(92328),
(92329),
(92333),
(92338),
(92339),
(92340),
(92341),
(92347),
(92350),
(92352),
(92356),
(92357),
(92358),
(92365),
(92368),
(92369),
(92371),
(92372),
(92375),
(92377),
(92378),
(92382),
(92385),
(92386),
(92391),
(92393),
(92397),
(92398),
(92401),
(92402),
(92406),
(92410),
(92413),
(92415),
(92418),
(92427),
(92531),
(92536),
(92539),
(92546),
(92549),
(92552),
(92554),
(92556),
(92561),
(92564),
(92567),
(92572),
(92589),
(92593),
(92599),
(92603),
(92605),
(92612),
(92615),
(92618),
(92626),
(92629),
(92637),
(92651),
(92652),
(92656),
(92657),
(92677),
(92679),
(92685),
(92821),
(92823),
(92833),
(92835),
(92846),
(93001),
(93003),
(93004),
(93011),
(93013),
(93014),
(93015),
(93021),
(93023),
(93024),
(93031),
(93032),
(93034),
(93042),
(93043),
(93044),
(93060),
(93061),
(93067),
(93101),
(93102),
(93103),
(93105),
(93106),
(93107),
(93108),
(93109),
(93110),
(93111),
(93116),
(93117),
(93118),
(93120),
(93121),
(93130),
(93140),
(93150),
(93160),
(93190),
(93199),
(93201),
(93204),
(93205),
(93206),
(93207),
(93210),
(93212),
(93215),
(93219),
(93221),
(93223),
(93224),
(93225),
(93226),
(93230),
(93238),
(93239),
(93240),
(93243),
(93244),
(93247),
(93249),
(93250),
(93251),
(93252),
(93254),
(93255),
(93256),
(93257),
(93260),
(93262),
(93265),
(93266),
(93267),
(93268),
(93271),
(93272),
(93274),
(93276),
(93280),
(93283),
(93285),
(93286),
(93287),
(93292),
(93307),
(93308),
(93311),
(93314),
(93420),
(93426),
(93427),
(93429),
(93434),
(93436),
(93437),
(93438),
(93440),
(93441),
(93444),
(93445),
(93446),
(93450),
(93451),
(93453),
(93454),
(93455),
(93456),
(93457),
(93458),
(93460),
(93461),
(93463),
(93464),
(93501),
(93504),
(93505),
(93510),
(93512),
(93513),
(93514),
(93515),
(93516),
(93517),
(93518),
(93519),
(93522),
(93523),
(93524),
(93526),
(93527),
(93528),
(93529),
(93530),
(93532),
(93539),
(93541),
(93542),
(93544),
(93545),
(93546),
(93549),
(93550),
(93552),
(93554),
(93555),
(93556),
(93558),
(93560),
(93561),
(93562),
(93563),
(93584),
(93586),
(93591),
(93592),
(93596),
(93603),
(93608),
(93610),
(93616),
(93618),
(93619),
(93620),
(93621),
(93622),
(93624),
(93625),
(93627),
(93628),
(93630),
(93631),
(93633),
(93635),
(93637),
(93640),
(93641),
(93644),
(93648),
(93649),
(93654),
(93657),
(93660),
(93661),
(93662),
(93668),
(93675),
(93706),
(93725),
(94550),
(94574),
(94945),
(94947),
(94948),
(94949),
(94952),
(94998),
(95006),
(95008),
(95018),
(95020),
(95021),
(95023),
(95026),
(95030),
(95031),
(95032),
(95033),
(95037),
(95038),
(95043),
(95044),
(95045),
(95046),
(95066),
(95070),
(95073),
(95076),
(95120),
(95124),
(95135),
(95138),
(95141),
(95215),
(95220),
(95227),
(95230),
(95231),
(95236),
(95237),
(95240),
(95252),
(95304),
(95317),
(95320),
(95323),
(95325),
(95329),
(95330),
(95335),
(95336),
(95337),
(95348),
(95356),
(95358),
(95361),
(95364),
(95366),
(95368),
(95369),
(95388),
(95409),
(95412),
(95417),
(95421),
(95428),
(95429),
(95437),
(95441),
(95442),
(95445),
(95446),
(95448),
(95450),
(95452),
(95454),
(95462),
(95480),
(95488),
(95490),
(95497),
(95511),
(95514),
(95526),
(95527),
(95534),
(95542),
(95546),
(95549),
(95552),
(95554),
(95555),
(95556),
(95560),
(95563),
(95573),
(95585),
(95587),
(95589),
(95595),
(95631),
(95632),
(95638),
(95640),
(95645),
(95659),
(95676),
(95691),
(95695),
(95703),
(95713),
(95717),
(95722),
(95736),
(95776),
(95945),
(95949),
(95957),
(95991),
(96010),
(96024),
(96031),
(96041),
(96046),
(96048),
(96052),
(96076),
(96093),
(96107),
(96120),
(11111);

-- --------------------------------------------------------

--
-- Table structure for table `frontier_phone`
--

CREATE TABLE `frontier_phone` (
  `zip` mediumint(9) NOT NULL
) ENGINE=InnoDB DEFAULT CHARSET=latin1;

--
-- Dumping data for table `frontier_phone`
--

INSERT INTO `frontier_phone` (`zip`) VALUES
(33523),
(33530),
(33539),
(33564),
(33568),
(33571),
(33575),
(33576),
(33583),
(33586),
(33587),
(33595),
(33597),
(33601),
(33608),
(33621),
(33622),
(33623),
(33630),
(33631),
(33633),
(33646),
(33650),
(33655),
(33660),
(33661),
(33662),
(33663),
(33664),
(33672),
(33673),
(33674),
(33675),
(33677),
(33679),
(33680),
(33681),
(33682),
(33684),
(33685),
(33686),
(33687),
(33688),
(33689),
(33694),
(33729),
(33730),
(33731),
(33732),
(33733),
(33734),
(33736),
(33737),
(33738),
(33740),
(33741),
(33742),
(33743),
(33744),
(33747),
(33757),
(33758),
(33766),
(33769),
(33775),
(33779),
(33780),
(33784),
(33802),
(33804),
(33805),
(33806),
(33807),
(33815),
(33820),
(33825),
(33827),
(33831),
(33834),
(33835),
(33836),
(33838),
(33840),
(33841),
(33843),
(33845),
(33847),
(33849),
(33850),
(33851),
(33853),
(33854),
(33855),
(33856),
(33858),
(33863),
(33865),
(33867),
(33868),
(33877),
(33882),
(33883),
(33885),
(33888),
(33898),
(33947),
(33981),
(34204),
(34206),
(34216),
(34218),
(34220),
(34250),
(34251),
(34264),
(34266),
(34269),
(34270),
(34272),
(34274),
(34276),
(34277),
(34278),
(34280),
(34282),
(34284),
(34290),
(34295),
(34604),
(34606),
(34607),
(34608),
(34609),
(34656),
(34673),
(34674),
(34679),
(34680),
(34682),
(34692),
(34697),
(34714),
(34736),
(34739),
(34747),
(34758),
(34787),
(34972),
(75001),
(75009),
(75011),
(75015),
(75016),
(75017),
(75020),
(75021),
(75026),
(75027),
(75029),
(75030),
(75045),
(75046),
(75047),
(75049),
(75058),
(75065),
(75081),
(75086),
(75090),
(75091),
(75092),
(75099),
(75101),
(75102),
(75103),
(75105),
(75109),
(75110),
(75117),
(75119),
(75121),
(75124),
(75125),
(75127),
(75135),
(75141),
(75142),
(75143),
(75144),
(75146),
(75147),
(75152),
(75153),
(75154),
(75155),
(75158),
(75159),
(75160),
(75161),
(75164),
(75165),
(75166),
(75167),
(75169),
(75172),
(75173),
(75189),
(75212),
(75218),
(75228),
(75238),
(75243),
(75247),
(75253),
(75401),
(75402),
(75409),
(75410),
(75413),
(75414),
(75418),
(75420),
(75422),
(75423),
(75424),
(75428),
(75431),
(75432),
(75433),
(75437),
(75438),
(75439),
(75440),
(75442),
(75443),
(75446),
(75447),
(75449),
(75450),
(75452),
(75453),
(75455),
(75457),
(75458),
(75459),
(75471),
(75472),
(75474),
(75475),
(75476),
(75478),
(75479),
(75480),
(75481),
(75482),
(75483),
(75487),
(75488),
(75489),
(75490),
(75491),
(75492),
(75493),
(75494),
(75495),
(75496),
(75497),
(75602),
(75603),
(75604),
(75605),
(75640),
(75644),
(75645),
(75647),
(75650),
(75651),
(75652),
(75653),
(75654),
(75658),
(75662),
(75663),
(75667),
(75670),
(75684),
(75689),
(75693),
(75703),
(75705),
(75706),
(75707),
(75750),
(75754),
(75755),
(75757),
(75760),
(75762),
(75764),
(75765),
(75766),
(75771),
(75773),
(75780),
(75783),
(75784),
(75785),
(75789),
(75790),
(75791),
(75792),
(75797),
(75803),
(75925),
(75943),
(76009),
(76020),
(76023),
(76050),
(76052),
(76064),
(76065),
(76073),
(76078),
(76082),
(76084),
(76085),
(76098),
(76099),
(76137),
(76155),
(76202),
(76204),
(76206),
(76227),
(76233),
(76234),
(76240),
(76245),
(76249),
(76258),
(76259),
(76264),
(76266),
(76268),
(76271),
(76272),
(76273),
(76432),
(76442),
(76446),
(76455),
(76487),
(76511),
(76527),
(76530),
(76537),
(76539),
(76549),
(76550),
(76556),
(76567),
(76574),
(76577),
(76578),
(76626),
(76651),
(76801),
(76802),
(76803),
(76804),
(76820),
(76821),
(76823),
(76825),
(76827),
(76831),
(76832),
(76834),
(76837),
(76841),
(76842),
(76844),
(76848),
(76849),
(76852),
(76854),
(76855),
(76856),
(76857),
(76858),
(76859),
(76861),
(76862),
(76864),
(76865),
(76866),
(76869),
(76872),
(76874),
(76875),
(76877),
(76878),
(76882),
(76883),
(76884),
(76885),
(76886),
(76887),
(76888),
(76890),
(76901),
(76902),
(76903),
(76904),
(76905),
(76906),
(76908),
(76909),
(76930),
(76932),
(76933),
(76934),
(76935),
(76936),
(76937),
(76939),
(76940),
(76941),
(76943),
(76945),
(76949),
(76950),
(76951),
(76953),
(76955),
(76957),
(76958),
(77044),
(77049),
(77058),
(77071),
(77085),
(77258),
(77303),
(77304),
(77318),
(77327),
(77328),
(77331),
(77336),
(77340),
(77345),
(77351),
(77358),
(77368),
(77369),
(77371),
(77374),
(77376),
(77378),
(77406),
(77414),
(77417),
(77419),
(77420),
(77428),
(77430),
(77434),
(77435),
(77437),
(77440),
(77441),
(77444),
(77455),
(77458),
(77459),
(77461),
(77464),
(77465),
(77468),
(77469),
(77471),
(77474),
(77477),
(77478),
(77479),
(77482),
(77485),
(77486),
(77488),
(77489),
(77510),
(77511),
(77515),
(77517),
(77519),
(77522),
(77530),
(77532),
(77533),
(77538),
(77545),
(77561),
(77564),
(77571),
(77574),
(77575),
(77577),
(77578),
(77580),
(77582),
(77583),
(77584),
(77586),
(77625),
(77659),
(77801),
(77802),
(77803),
(77805),
(77806),
(77807),
(77808),
(77833),
(77835),
(77836),
(77838),
(77840),
(77841),
(77842),
(77843),
(77844),
(77845),
(77852),
(77853),
(77856),
(77857),
(77859),
(77861),
(77862),
(77863),
(77868),
(77871),
(77872),
(77878),
(77879),
(77881),
(77905),
(77950),
(77951),
(77957),
(77961),
(77968),
(77969),
(77971),
(77977),
(77978),
(77979),
(77982),
(77983),
(77990),
(77991),
(78002),
(78005),
(78006),
(78007),
(78011),
(78013),
(78015),
(78017),
(78022),
(78026),
(78027),
(78028),
(78052),
(78058),
(78060),
(78061),
(78064),
(78065),
(78069),
(78070),
(78071),
(78072),
(78073),
(78075),
(78101),
(78102),
(78111),
(78112),
(78113),
(78114),
(78116),
(78117),
(78118),
(78121),
(78132),
(78140),
(78143),
(78147),
(78151),
(78155),
(78159),
(78160),
(78161),
(78164),
(78223),
(78264),
(78330),
(78332),
(78335),
(78336),
(78338),
(78339),
(78343),
(78347),
(78349),
(78351),
(78352),
(78353),
(78355),
(78359),
(78362),
(78363),
(78368),
(78370),
(78372),
(78373),
(78374),
(78375),
(78377),
(78379),
(78380),
(78382),
(78383),
(78387),
(78390),
(78393),
(78402),
(78406),
(78410),
(78415),
(78537),
(78538),
(78547),
(78548),
(78550),
(78552),
(78559),
(78569),
(78570),
(78580),
(78582),
(78584),
(78586),
(78590),
(78593),
(78594),
(78596),
(78599),
(78602),
(78605),
(78606),
(78607),
(78608),
(78609),
(78610),
(78611),
(78612),
(78614),
(78615),
(78616),
(78618),
(78619),
(78620),
(78621),
(78622),
(78623),
(78624),
(78626),
(78627),
(78628),
(78629),
(78631),
(78632),
(78633),
(78634),
(78635),
(78636),
(78638),
(78639),
(78640),
(78641),
(78642),
(78643),
(78644),
(78648),
(78650),
(78652),
(78654),
(78655),
(78656),
(78657),
(78658),
(78659),
(78661),
(78662),
(78663),
(78664),
(78665),
(78666),
(78669),
(78670),
(78671),
(78672),
(78673),
(78674),
(78675),
(78676),
(78677),
(78737),
(78832),
(78837),
(78840),
(78841),
(78842),
(78843),
(78847),
(78851),
(78871),
(78877),
(78880),
(78932),
(78934),
(78938),
(78940),
(78942),
(78945),
(78946),
(78947),
(78948),
(78956),
(78957),
(78962),
(79512),
(79519),
(79535),
(79538),
(79567),
(79720),
(79739),
(79755),
(89010),
(89415),
(89420),
(89447),
(90024),
(90040),
(90045),
(90073),
(90077),
(90094),
(90095),
(90201),
(90202),
(90210),
(90232),
(90239),
(90240),
(90242),
(90245),
(90250),
(90263),
(90264),
(90267),
(90272),
(90280),
(90292),
(90293),
(90294),
(90295),
(90296),
(90406),
(90407),
(90408),
(90409),
(90410),
(90411),
(90607),
(90608),
(90609),
(90610),
(90620),
(90633),
(90639),
(90651),
(90652),
(90661),
(90662),
(90671),
(90702),
(90707),
(90714),
(90721),
(90723),
(90731),
(90801),
(90822),
(90831),
(90832),
(90833),
(90834),
(90835),
(90840),
(90842),
(90844),
(90847),
(90848),
(90853),
(90899),
(91001),
(91006),
(91008),
(91009),
(91010),
(91011),
(91016),
(91017),
(91023),
(91024),
(91025),
(91040),
(91041),
(91042),
(91043),
(91107),
(91185),
(91214),
(91302),
(91311),
(91319),
(91321),
(91324),
(91327),
(91333),
(91334),
(91341),
(91346),
(91356),
(91358),
(91359),
(91381),
(91384),
(91390),
(91392),
(91393),
(91394),
(91395),
(91403),
(91406),
(91412),
(91423),
(91436),
(91482),
(91496),
(91501),
(91504),
(91701),
(91714),
(91715),
(91716),
(91729),
(91732),
(91733),
(91743),
(91747),
(91749),
(91752),
(91758),
(91759),
(91769),
(91770),
(91785),
(91788),
(91793),
(92004),
(92028),
(92055),
(92059),
(92066),
(92086),
(92202),
(92235),
(92239),
(92241),
(92247),
(92248),
(92252),
(92254),
(92255),
(92257),
(92258),
(92261),
(92263),
(92268),
(92270),
(92274),
(92275),
(92276),
(92277),
(92278),
(92282),
(92285),
(92286),
(92305),
(92311),
(92312),
(92314),
(92315),
(92317),
(92318),
(92321),
(92322),
(92324),
(92325),
(92327),
(92328),
(92329),
(92333),
(92338),
(92339),
(92340),
(92341),
(92347),
(92350),
(92352),
(92356),
(92357),
(92358),
(92365),
(92368),
(92369),
(92371),
(92372),
(92375),
(92377),
(92378),
(92382),
(92385),
(92386),
(92391),
(92393),
(92397),
(92398),
(92401),
(92402),
(92406),
(92410),
(92413),
(92415),
(92418),
(92427),
(92531),
(92536),
(92539),
(92546),
(92549),
(92552),
(92554),
(92556),
(92561),
(92564),
(92567),
(92572),
(92589),
(92593),
(92599),
(92603),
(92605),
(92612),
(92615),
(92618),
(92626),
(92629),
(92637),
(92651),
(92652),
(92656),
(92657),
(92677),
(92679),
(92685),
(92821),
(92823),
(92833),
(92835),
(92846),
(93001),
(93003),
(93004),
(93011),
(93013),
(93014),
(93015),
(93021),
(93023),
(93024),
(93031),
(93032),
(93034),
(93042),
(93043),
(93044),
(93060),
(93061),
(93067),
(93101),
(93102),
(93103),
(93105),
(93106),
(93107),
(93108),
(93109),
(93110),
(93111),
(93116),
(93117),
(93118),
(93120),
(93121),
(93130),
(93140),
(93150),
(93160),
(93190),
(93199),
(93201),
(93204),
(93205),
(93206),
(93207),
(93210),
(93212),
(93215),
(93219),
(93221),
(93223),
(93224),
(93225),
(93226),
(93230),
(93238),
(93239),
(93240),
(93243),
(93244),
(93247),
(93249),
(93250),
(93251),
(93252),
(93254),
(93255),
(93256),
(93257),
(93260),
(93262),
(93265),
(93266),
(93267),
(93268),
(93271),
(93272),
(93274),
(93276),
(93280),
(93283),
(93285),
(93286),
(93287),
(93292),
(93307),
(93308),
(93311),
(93314),
(93420),
(93426),
(93427),
(93429),
(93434),
(93436),
(93437),
(93438),
(93440),
(93441),
(93444),
(93445),
(93446),
(93450),
(93451),
(93453),
(93454),
(93455),
(93456),
(93457),
(93458),
(93460),
(93461),
(93463),
(93464),
(93501),
(93504),
(93505),
(93510),
(93512),
(93513),
(93514),
(93515),
(93516),
(93517),
(93518),
(93519),
(93522),
(93523),
(93524),
(93526),
(93527),
(93528),
(93529),
(93530),
(93532),
(93539),
(93541),
(93542),
(93544),
(93545),
(93546),
(93549),
(93550),
(93552),
(93554),
(93555),
(93556),
(93558),
(93560),
(93561),
(93562),
(93563),
(93584),
(93586),
(93591),
(93592),
(93596),
(93603),
(93608),
(93610),
(93616),
(93618),
(93619),
(93620),
(93621),
(93622),
(93624),
(93625),
(93627),
(93628),
(93630),
(93631),
(93633),
(93635),
(93637),
(93640),
(93641),
(93644),
(93648),
(93649),
(93654),
(93657),
(93660),
(93661),
(93662),
(93668),
(93675),
(93706),
(93725),
(94550),
(94574),
(94945),
(94947),
(94948),
(94949),
(94952),
(94998),
(95006),
(95008),
(95018),
(95020),
(95021),
(95023),
(95026),
(95030),
(95031),
(95032),
(95033),
(95037),
(95038),
(95043),
(95044),
(95045),
(95046),
(95066),
(95070),
(95073),
(95076),
(95120),
(95124),
(95135),
(95138),
(95141),
(95215),
(95220),
(95227),
(95230),
(95231),
(95236),
(95237),
(95240),
(95252),
(95304),
(95317),
(95320),
(95323),
(95325),
(95329),
(95330),
(95335),
(95336),
(95337),
(95348),
(95356),
(95358),
(95361),
(95364),
(95366),
(95368),
(95369),
(95388),
(95409),
(95412),
(95417),
(95421),
(95428),
(95429),
(95437),
(95441),
(95442),
(95445),
(95446),
(95448),
(95450),
(95452),
(95454),
(95462),
(95480),
(95488),
(95490),
(95497),
(95511),
(95514),
(95526),
(95527),
(95534),
(95542),
(95546),
(95549),
(95552),
(95554),
(95555),
(95556),
(95560),
(95563),
(95573),
(95585),
(95587),
(95589),
(95595),
(95631),
(95632),
(95638),
(95640),
(95645),
(95659),
(95676),
(95691),
(95695),
(95703),
(95713),
(95717),
(95722),
(95736),
(95776),
(95945),
(95949),
(95957),
(95991),
(96010),
(96024),
(96031),
(96041),
(96046),
(96048),
(96052),
(96076),
(96093),
(96107),
(96120),
(11111),
(0),
(91291);

-- --------------------------------------------------------

--
-- Table structure for table `frontier_tv`
--

CREATE TABLE `frontier_tv` (
  `zip` mediumint(9) NOT NULL
) ENGINE=InnoDB DEFAULT CHARSET=latin1;

--
-- Dumping data for table `frontier_tv`
--

INSERT INTO `frontier_tv` (`zip`) VALUES
(33508),
(33509),
(33530),
(33539),
(33564),
(33568),
(33571),
(33575),
(33576),
(33587),
(33595),
(33597),
(33601),
(33608),
(33621),
(33622),
(33623),
(33630),
(33631),
(33633),
(33646),
(33650),
(33655),
(33660),
(33661),
(33662),
(33663),
(33664),
(33672),
(33673),
(33674),
(33675),
(33677),
(33679),
(33680),
(33681),
(33682),
(33684),
(33685),
(33686),
(33687),
(33688),
(33689),
(33694),
(33729),
(33730),
(33731),
(33732),
(33733),
(33734),
(33736),
(33737),
(33738),
(33740),
(33741),
(33742),
(33743),
(33744),
(33747),
(33757),
(33758),
(33766),
(33769),
(33775),
(33779),
(33780),
(33784),
(33802),
(33804),
(33805),
(33806),
(33807),
(33815),
(33820),
(33825),
(33827),
(33831),
(33834),
(33835),
(33836),
(33838),
(33840),
(33841),
(33843),
(33845),
(33847),
(33849),
(33850),
(33851),
(33853),
(33854),
(33855),
(33856),
(33858),
(33863),
(33865),
(33867),
(33868),
(33877),
(33882),
(33883),
(33885),
(33888),
(33898),
(33947),
(33981),
(34204),
(34206),
(34216),
(34218),
(34220),
(34250),
(34251),
(34264),
(34266),
(34269),
(34270),
(34272),
(34274),
(34276),
(34277),
(34278),
(34280),
(34282),
(34284),
(34290),
(34295),
(34604),
(34606),
(34607),
(34608),
(34609),
(34656),
(34673),
(34674),
(34679),
(34680),
(34682),
(34692),
(34697),
(34714),
(34736),
(34739),
(34747),
(34758),
(34787),
(34972),
(75001),
(75009),
(75011),
(75015),
(75016),
(75017),
(75020),
(75021),
(75026),
(75027),
(75029),
(75030),
(75045),
(75046),
(75047),
(75049),
(75058),
(75065),
(75081),
(75086),
(75090),
(75091),
(75092),
(75099),
(75101),
(75102),
(75103),
(75105),
(75109),
(75110),
(75117),
(75119),
(75121),
(75124),
(75125),
(75127),
(75135),
(75141),
(75142),
(75143),
(75144),
(75146),
(75147),
(75152),
(75153),
(75154),
(75155),
(75158),
(75159),
(75160),
(75161),
(75164),
(75165),
(75166),
(75167),
(75169),
(75172),
(75173),
(75189),
(75212),
(75218),
(75228),
(75238),
(75243),
(75247),
(75253),
(75401),
(75402),
(75409),
(75410),
(75413),
(75414),
(75418),
(75420),
(75422),
(75423),
(75424),
(75428),
(75431),
(75432),
(75433),
(75437),
(75438),
(75439),
(75440),
(75442),
(75443),
(75446),
(75447),
(75449),
(75450),
(75452),
(75453),
(75455),
(75457),
(75458),
(75459),
(75471),
(75472),
(75474),
(75475),
(75476),
(75478),
(75479),
(75480),
(75481),
(75482),
(75483),
(75487),
(75488),
(75489),
(75490),
(75491),
(75492),
(75493),
(75494),
(75495),
(75496),
(75497),
(75602),
(75603),
(75604),
(75605),
(75640),
(75644),
(75645),
(75647),
(75650),
(75651),
(75652),
(75653),
(75654),
(75658),
(75662),
(75663),
(75667),
(75670),
(75684),
(75689),
(75693),
(75703),
(75705),
(75706),
(75707),
(75750),
(75754),
(75755),
(75757),
(75760),
(75762),
(75764),
(75765),
(75766),
(75771),
(75773),
(75780),
(75783),
(75784),
(75785),
(75789),
(75790),
(75791),
(75792),
(75797),
(75803),
(75925),
(75943),
(76009),
(76020),
(76023),
(76050),
(76052),
(76064),
(76065),
(76073),
(76078),
(76082),
(76084),
(76085),
(76098),
(76099),
(76137),
(76155),
(76202),
(76204),
(76206),
(76227),
(76233),
(76234),
(76240),
(76245),
(76249),
(76258),
(76259),
(76264),
(76266),
(76268),
(76271),
(76272),
(76273),
(76432),
(76442),
(76446),
(76455),
(76487),
(76511),
(76527),
(76530),
(76537),
(76539),
(76549),
(76550),
(76556),
(76567),
(76574),
(76577),
(76578),
(76626),
(76651),
(76801),
(76802),
(76803),
(76804),
(76820),
(76821),
(76823),
(76825),
(76827),
(76831),
(76832),
(76834),
(76837),
(76841),
(76842),
(76844),
(76848),
(76849),
(76852),
(76854),
(76855),
(76856),
(76857),
(76858),
(76859),
(76861),
(76862),
(76864),
(76865),
(76866),
(76869),
(76872),
(76874),
(76875),
(76877),
(76878),
(76882),
(76883),
(76884),
(76885),
(76886),
(76887),
(76888),
(76890),
(76901),
(76902),
(76903),
(76904),
(76905),
(76906),
(76908),
(76909),
(76930),
(76932),
(76933),
(76934),
(76935),
(76936),
(76937),
(76939),
(76940),
(76941),
(76943),
(76945),
(76949),
(76950),
(76951),
(76953),
(76955),
(76957),
(76958),
(77044),
(77049),
(77058),
(77071),
(77085),
(77258),
(77303),
(77304),
(77318),
(77327),
(77328),
(77331),
(77336),
(77340),
(77345),
(77351),
(77358),
(77368),
(77369),
(77371),
(77374),
(77376),
(77378),
(77406),
(77414),
(77417),
(77419),
(77420),
(77428),
(77430),
(77434),
(77435),
(77437),
(77440),
(77441),
(77444),
(77455),
(77458),
(77459),
(77461),
(77464),
(77465),
(77468),
(77469),
(77471),
(77474),
(77477),
(77478),
(77479),
(77482),
(77485),
(77486),
(77488),
(77489),
(77510),
(77511),
(77515),
(77517),
(77519),
(77522),
(77530),
(77532),
(77533),
(77538),
(77545),
(77561),
(77564),
(77571),
(77574),
(77575),
(77577),
(77578),
(77580),
(77582),
(77583),
(77584),
(77586),
(77625),
(77659),
(77801),
(77802),
(77803),
(77805),
(77806),
(77807),
(77808),
(77833),
(77835),
(77836),
(77838),
(77840),
(77841),
(77842),
(77843),
(77844),
(77845),
(77852),
(77853),
(77856),
(77857),
(77859),
(77861),
(77862),
(77863),
(77868),
(77871),
(77872),
(77878),
(77879),
(77881),
(77905),
(77950),
(77951),
(77957),
(77961),
(77968),
(77969),
(77971),
(77977),
(77978),
(77979),
(77982),
(77983),
(77990),
(77991),
(78002),
(78005),
(78006),
(78007),
(78011),
(78013),
(78015),
(78017),
(78022),
(78026),
(78027),
(78028),
(78052),
(78058),
(78060),
(78061),
(78064),
(78065),
(78069),
(78070),
(78071),
(78072),
(78073),
(78075),
(78101),
(78102),
(78111),
(78112),
(78113),
(78114),
(78116),
(78117),
(78118),
(78121),
(78132),
(78140),
(78143),
(78147),
(78151),
(78155),
(78159),
(78160),
(78161),
(78164),
(78223),
(78264),
(78330),
(78332),
(78335),
(78336),
(78338),
(78339),
(78343),
(78347),
(78349),
(78351),
(78352),
(78353),
(78355),
(78359),
(78362),
(78363),
(78368),
(78370),
(78372),
(78373),
(78374),
(78375),
(78377),
(78379),
(78380),
(78382),
(78383),
(78387),
(78390),
(78393),
(78402),
(78406),
(78410),
(78415),
(78537),
(78538),
(78547),
(78548),
(78550),
(78552),
(78559),
(78569),
(78570),
(78580),
(78582),
(78584),
(78586),
(78590),
(78593),
(78594),
(78596),
(78599),
(78602),
(78605),
(78606),
(78607),
(78608),
(78609),
(78610),
(78611),
(78612),
(78614),
(78615),
(78616),
(78618),
(78619),
(78620),
(78621),
(78622),
(78623),
(78624),
(78626),
(78627),
(78628),
(78629),
(78631),
(78632),
(78633),
(78634),
(78635),
(78636),
(78638),
(78639),
(78640),
(78641),
(78642),
(78643),
(78644),
(78648),
(78650),
(78652),
(78654),
(78655),
(78656),
(78657),
(78658),
(78659),
(78661),
(78662),
(78663),
(78664),
(78665),
(78666),
(78669),
(78670),
(78671),
(78672),
(78673),
(78674),
(78675),
(78676),
(78677),
(78737),
(78832),
(78837),
(78840),
(78841),
(78842),
(78843),
(78847),
(78851),
(78871),
(78877),
(78880),
(78932),
(78934),
(78938),
(78940),
(78942),
(78945),
(78946),
(78947),
(78948),
(78956),
(78957),
(78962),
(79512),
(79519),
(79535),
(79538),
(79567),
(79720),
(79739),
(79755),
(89010),
(89415),
(89420),
(89447),
(90024),
(90040),
(90045),
(90073),
(90077),
(90094),
(90095),
(90201),
(90202),
(90210),
(90232),
(90239),
(90240),
(90242),
(90245),
(90250),
(90263),
(90264),
(90267),
(90272),
(90280),
(90292),
(90293),
(90294),
(90295),
(90296),
(90406),
(90407),
(90408),
(90409),
(90410),
(90411),
(90607),
(90608),
(90609),
(90610),
(90620),
(90633),
(90639),
(90651),
(90652),
(90661),
(90662),
(90671),
(90702),
(90707),
(90714),
(90721),
(90723),
(90731),
(90801),
(90822),
(90831),
(90832),
(90833),
(90834),
(90835),
(90840),
(90842),
(90844),
(90847),
(90848),
(90853),
(90899),
(91001),
(91006),
(91008),
(91009),
(91010),
(91011),
(91016),
(91017),
(91023),
(91024),
(91025),
(91040),
(91041),
(91042),
(91043),
(91107),
(91185),
(91214),
(91302),
(91311),
(91319),
(91321),
(91324),
(91327),
(91333),
(91334),
(91341),
(91346),
(91356),
(91358),
(91359),
(91381),
(91384),
(91390),
(91392),
(91393),
(91394),
(91395),
(91403),
(91406),
(91412),
(91423),
(91436),
(91482),
(91496),
(91501),
(91504),
(91701),
(91714),
(91715),
(91716),
(91729),
(91732),
(91733),
(91743),
(91747),
(91749),
(91752),
(91758),
(91759),
(91769),
(91770),
(91785),
(91788),
(91793),
(92004),
(92028),
(92055),
(92059),
(92066),
(92086),
(92202),
(92235),
(92239),
(92241),
(92247),
(92248),
(92252),
(92254),
(92255),
(92257),
(92258),
(92261),
(92263),
(92268),
(92270),
(92274),
(92275),
(92276),
(92277),
(92278),
(92282),
(92285),
(92286),
(92305),
(92311),
(92312),
(92314),
(92315),
(92317),
(92318),
(92321),
(92322),
(92324),
(92325),
(92327),
(92328),
(92329),
(92333),
(92338),
(92339),
(92340),
(92341),
(92347),
(92350),
(92352),
(92356),
(92357),
(92358),
(92365),
(92368),
(92369),
(92371),
(92372),
(92375),
(92377),
(92378),
(92382),
(92385),
(92386),
(92391),
(92393),
(92397),
(92398),
(92401),
(92402),
(92406),
(92410),
(92413),
(92415),
(92418),
(92427),
(92531),
(92536),
(92539),
(92546),
(92549),
(92552),
(92554),
(92556),
(92561),
(92564),
(92567),
(92572),
(92589),
(92593),
(92599),
(92603),
(92605),
(92612),
(92615),
(92618),
(92626),
(92629),
(92637),
(92651),
(92652),
(92656),
(92657),
(92677),
(92679),
(92685),
(92821),
(92823),
(92833),
(92835),
(92846),
(93001),
(93003),
(93004),
(93011),
(93013),
(93014),
(93015),
(93021),
(93023),
(93024),
(93031),
(93032),
(93034),
(93042),
(93043),
(93044),
(93060),
(93061),
(93067),
(93101),
(93102),
(93103),
(93105),
(93106),
(93107),
(93108),
(93109),
(93110),
(93111),
(93116),
(93117),
(93118),
(93120),
(93121),
(93130),
(93140),
(93150),
(93160),
(93190),
(93199),
(93201),
(93204),
(93205),
(93206),
(93207),
(93210),
(93212),
(93215),
(93219),
(93221),
(93223),
(93224),
(93225),
(93226),
(93230),
(93238),
(93239),
(93240),
(93243),
(93244),
(93247),
(93249),
(93250),
(93251),
(93252),
(93254),
(93255),
(93256),
(93257),
(93260),
(93262),
(93265),
(93266),
(93267),
(93268),
(93271),
(93272),
(93274),
(93276),
(93280),
(93283),
(93285),
(93286),
(93287),
(93292),
(93307),
(93308),
(93311),
(93314),
(93420),
(93426),
(93427),
(93429),
(93434),
(93436),
(93437),
(93438),
(93440),
(93441),
(93444),
(93445),
(93446),
(93450),
(93451),
(93453),
(93454),
(93455),
(93456),
(93457),
(93458),
(93460),
(93461),
(93463),
(93464),
(93501),
(93504),
(93505),
(93510),
(93512),
(93513),
(93514),
(93515),
(93516),
(93517),
(93518),
(93519),
(93522),
(93523),
(93524),
(93526),
(93527),
(93528),
(93529),
(93530),
(93532),
(93539),
(93541),
(93542),
(93544),
(93545),
(93546),
(93549),
(93550),
(93552),
(93554),
(93555),
(93556),
(93558),
(93560),
(93561),
(93562),
(93563),
(93584),
(93586),
(93591),
(93592),
(93596),
(93603),
(93608),
(93610),
(93616),
(93618),
(93619),
(93620),
(93621),
(93622),
(93624),
(93625),
(93627),
(93628),
(93630),
(93631),
(93633),
(93635),
(93637),
(93640),
(93641),
(93644),
(93648),
(93649),
(93654),
(93657),
(93660),
(93661),
(93662),
(93668),
(93675),
(93706),
(93725),
(94550),
(94574),
(94945),
(94947),
(94948),
(94949),
(94952),
(94998),
(95006),
(95008),
(95018),
(95020),
(95021),
(95023),
(95026),
(95030),
(95031),
(95032),
(95033),
(95037),
(95038),
(95043),
(95044),
(95045),
(95046),
(95066),
(95070),
(95073),
(95076),
(95120),
(95124),
(95135),
(95138),
(95141),
(95215),
(95220),
(95227),
(95230),
(95231),
(95236),
(95237),
(95240),
(95252),
(95304),
(95317),
(95320),
(95323),
(95325),
(95329),
(95330),
(95335),
(95336),
(95337),
(95348),
(95356),
(95358),
(95361),
(95364),
(95366),
(95368),
(95369),
(95388),
(95409),
(95412),
(95417),
(95421),
(95428),
(95429),
(95437),
(95441),
(95442),
(95445),
(95446),
(95448),
(95450),
(95452),
(95454),
(95462),
(95480),
(95488),
(95490),
(95497),
(95511),
(95514),
(95526),
(95527),
(95534),
(95542),
(95546),
(95549),
(95552),
(95554),
(95555),
(95556),
(95560),
(95563),
(95573),
(95585),
(95587),
(95589),
(95595),
(95631),
(95632),
(95638),
(95640),
(95645),
(95659),
(95676),
(95691),
(95695),
(95703),
(95713),
(95717),
(95722),
(95736),
(95776),
(95945),
(95949),
(95957),
(95991),
(96010),
(96024),
(96031),
(96041),
(96046),
(96048),
(96052),
(96076),
(96093),
(96107),
(96120),
(11111),
(91291);

-- --------------------------------------------------------

--
-- Table structure for table `spectrum_internet`
--

CREATE TABLE `spectrum_internet` (
  `zip` mediumint(9) NOT NULL
) ENGINE=InnoDB DEFAULT CHARSET=latin1;

--
-- Dumping data for table `spectrum_internet`
--

INSERT INTO `spectrum_internet` (`zip`) VALUES
(11111),
(11554);

-- --------------------------------------------------------

--
-- Table structure for table `spectrum_phone`
--

CREATE TABLE `spectrum_phone` (
  `zip` mediumint(9) NOT NULL
) ENGINE=InnoDB DEFAULT CHARSET=latin1;

--
-- Dumping data for table `spectrum_phone`
--

INSERT INTO `spectrum_phone` (`zip`) VALUES
(12345),
(11111);

-- --------------------------------------------------------

--
-- Table structure for table `spectrum_tv`
--

CREATE TABLE `spectrum_tv` (
  `zip` mediumint(9) NOT NULL
) ENGINE=InnoDB DEFAULT CHARSET=latin1;

--
-- Dumping data for table `spectrum_tv`
--

INSERT INTO `spectrum_tv` (`zip`) VALUES
(11111),
(11553),
(12911),
(91291);

-- --------------------------------------------------------
-- --------------------------------------------------------
--
-- Table structure for table `viasat_satellite`
--

CREATE TABLE `viasat_satellite` (
  `zip` mediumint(9) NOT NULL
) ENGINE=InnoDB DEFAULT CHARSET=latin1;

--
-- Dumping data for table `viasat_satellite`
--

INSERT INTO `viasat_satellite` (`zip`) VALUES
(11111),
(66666),
(11222);

-- ---------------------------------------------------------
-- --------------------------------------------------------
--
-- Table structure for table `viasat_internet`
--

CREATE TABLE `viasat_internet` (
  `zip` mediumint(9) NOT NULL
) ENGINE=InnoDB DEFAULT CHARSET=latin1;

--
-- Dumping data for table `viasat_internet`
--

INSERT INTO `viasat_internet` (`zip`) VALUES
(11111),
(78988),
(54321);

-- ---------------------------------------------------------
CREATE TABLE `windstream_tv` (
  `zip` mediumint(9) NOT NULL
) ENGINE=InnoDB DEFAULT CHARSET=latin1;

--
-- Dumping data for table `windstream_tv`
--

INSERT INTO `windstream_tv` (`zip`) VALUES
(88888),
(11111);
-- ---------------------------------------------------------
-- --------------------------------------------------------
--
-- Table structure for table `windstream_internet`
--

CREATE TABLE `windstream_internet` (
  `zip` mediumint(9) NOT NULL
) ENGINE=InnoDB DEFAULT CHARSET=latin1;

--
-- Dumping data for table `windstream_internet`
--

INSERT INTO `windstream_internet` (`zip`) VALUES
(11111),
(99999);
-- ---------------------------------------------------------
-- --------------------------------------------------------
--
-- Table structure for table `windstream_phone`
--

CREATE TABLE `windstream_phone` (
  `zip` mediumint(9) NOT NULL
) ENGINE=InnoDB DEFAULT CHARSET=latin1;

--
-- Dumping data for table `windstream_phone`
--

INSERT INTO `windstream_phone` (`zip`) VALUES
(11111),
(77777);
-- ---------------------------------------------------------
-- ---------------------------------------------------------
CREATE TABLE `centurylink_tv` (
  `zip` mediumint(9) NOT NULL
) ENGINE=InnoDB DEFAULT CHARSET=latin1;

--
-- Dumping data for table `centurylink_tv`
--

INSERT INTO `centurylink_tv` (`zip`) VALUES
(11111),
(43215);
-- ---------------------------------------------------------
-- --------------------------------------------------------
--
-- Table structure for table `centurylink_internet`
--

CREATE TABLE `centurylink_internet` (
  `zip` mediumint(9) NOT NULL
) ENGINE=InnoDB DEFAULT CHARSET=latin1;

--
-- Dumping data for table `centurylink_internet`
--

INSERT INTO `centurylink_internet` (`zip`) VALUES
(11111),
(56789);
-- ---------------------------------------------------------
-- --------------------------------------------------------
--
-- Table structure for table `centurylink_phone`
--

CREATE TABLE `centurylink_phone` (
  `zip` mediumint(9) NOT NULL
) ENGINE=InnoDB DEFAULT CHARSET=latin1;

--
-- Dumping data for table `centurylink_phone`
--

INSERT INTO `centurylink_phone` (`zip`) VALUES
(11111),
(98765);
-- ---------------------------------------------------------

--
-- Table structure for table `user_login`
--

CREATE TABLE `user_login` (
  `id` int(3) NOT NULL,
  `name` varchar(20) NOT NULL,
  `email` varchar(50) NOT NULL,
  `password` varchar(20) NOT NULL
) ENGINE=InnoDB DEFAULT CHARSET=latin1;

--
-- Dumping data for table `user_login`
--

INSERT INTO `user_login` (`id`, `name`, `email`, `password`) VALUES
(1, 'jahanzeb', 'bscs133301@gmail.com', '123'),
(2, 'jazz', 'jahanzebsaqib@gmail.com', '123'),
(5, 'jazz', 'ipsusamedia@gmail.com', '123');

--
-- Indexes for dumped tables
--

--
-- Indexes for table `user_login`
--
ALTER TABLE `user_login`
  ADD UNIQUE KEY `id` (`id`),
  ADD UNIQUE KEY `email` (`email`);

--
-- AUTO_INCREMENT for dumped tables
--

--
-- AUTO_INCREMENT for table `user_login`
--
ALTER TABLE `user_login`
  MODIFY `id` int(3) NOT NULL AUTO_INCREMENT, AUTO_INCREMENT=6;COMMIT;

/*!40101 SET CHARACTER_SET_CLIENT=@OLD_CHARACTER_SET_CLIENT */;
/*!40101 SET CHARACTER_SET_RESULTS=@OLD_CHARACTER_SET_RESULTS */;
/*!40101 SET COLLATION_CONNECTION=@OLD_COLLATION_CONNECTION */;
